{"temperature_out": [58.1972043175959, 54.796007226386614, 60.35350388386122, 90.66720910970551, 0.07715116341620032, 65.9522620634081, 41.51340377688062, 55.80061699597969, 31.532043031759837, 69.94559248734413, 91.74239545482548, 72.39953940654449, 56.55048907159836, 69.71641953850167, 60.01686263203014, 1.733363882161043, 63.00787657272704, 39.095398261294804, 11.188225030923993, 51.16001854464904, 52.67792200550267, 62.57817696926353, 14.334108576703386, 29.018680933284035, 53.727142985756245, 55.34808414913961, 76.34288326708686, 82.60876261237247, 19.477488157224077, 20.68589899505422, 14.788049138669034], "steering_speed": [54.03593622571271, 41.17131981780411, 1.793453491155983, 33.084347615797995, 43.50470668782581, 96.3885930361989, 50.35539109100849, 85.12708652168965, 68.03912827734263, 31.563600076863274, 89.12456413047542, 63.53107191237426, 19.730897124678858, 80.21300483551546, 20.909975624212063, 59.33423246283262, 56.859853754348485, 72.54735465956172, 57.35467479155197, 56.786523729559256, 47.3890202050384, 97.2700837129079, 48.586617764900254, 32.20872218421829, 83.22500528030716, 99.9933102345215, 40.47625565719066, 96.77695056626251, 34.06072207422143, 88.38486056821662, 39.17568131432123], "avg_irradiation": [37.65411140167759, 88.74594038604211, 50.93138557582778, 5.792741829779757, 76.05462715519754, 5.299322473177892, 42.220943729259794, 50.52877782325881, 60.42882735127723, 71.61734159311955, 55.42767924290931, 79.33484425801984, 36.372972246116696, 58.325869737716665, 9.215302592563079, 41.622705192060586, 53.108598102164365, 4.267098098013489, 79.07002123584758, 76.64152693720688, 67.20657494923915, 56.42052528033178, 86.0864335196344, 75.96690536662337, 35.982606575109145, 97.42051000582735, 7.899000671368029, 40.728782221342165, 44.94670900253267, 77.97004732467438, 64.64879543514829], "KBI_speed": [80.42084917519782, 21.865503688603305, 49.14693696552666, 99.88275114909017, 85.12375467160354, 68.90226382421947, 62.93996948608689, 14.269530841461531, 32.205411219590374, 56.39564506652298, 21.82137422779644, 95.60309077754741, 13.2958633559078, 61.88747716228049, 98.18755667448796, 16.969780877097605, 16.076926743371935, 22.00750280832401, 71.22411645557571, 4.362541671148623, 78.79751872775816, 25.84733191445341, 93.60326354765188, 23.91938266281536, 75.11149811771648, 41.30125261765999, 48.89175439290076, 10.092207544356736, 42.5591800059433, 64.94520088791182, 11.34578143539413], "soc": [15, 60, 40, 100, 6, 87, 86, 32, 94, 100, 80, 6, 3, 77, 29, 45, 78, 30, 90, 36, 50, 77, 6, 30, 89, 38, 10, 84, 0, 56, 100], "latitude": [50.267009101521836, 64.49332061902268, -55.76967522805861, 89.98361526129327, 13.867734729290632, -15.952631313743865, -23.552194514504734, -70.9609475768034, -59.35498040477314, -47.48212491339668, -50.057379577385, -34.16420140254024, -22.44178949077073, -82.53520525679008, 11.46848134315438, -33.396697349485656, -73.55174682282703, 7.575719390641481, -78.44959793171236, -84.5203702877633, 65.73004998939135, -38.12183778136842, -11.896866971680666, 44.74981215518491, 71.92307519802861, -38.02410203814114, -4.432557470131414, -77.6481414020527, 18.55267042805913, -54.50176877717733, 68.66995674518239], "longitude": [174.4032740409146, 25.65955448552657, 161.47471008669828, -174.97784138558947, 106.10181737407999, 153.58985891774563, -75.44228860088546, -162.68087809797558, -93.42935300303745, 178.1382815859044, -149.34885472646027, -95.11506985330688, 173.6259676408293, -87.31254467145008, -98.20079721066337, -130.28713998662283, -31.40814130630025, 25.606623326264298, 133.19340062976346, -107.53731206426065, 122.37295777733186, 108.47968721733378, -168.09043208007353, -62.37208906685227, -131.12229612355821, -62.28142931133371, 72.42861401490606, -67.46103222428954, -125.36599916974896, 153.4718540040521, 102.76653251978956], "altitude": [4987.059616265947, 4999.509137909816, 4682.360032667611, 1806.2793260075716, 5759.298991427868, 8058.860286203455, 1443.8222723532967, 7031.729986147224, 1043.025258599577, 3636.385461330434, 4263.088875658222, 3046.507565077613, 8302.829225919259, 1149.4434968351698, 231.20657353450036, 4710.820944533477, 4704.410206672175, 982.7038127380838, 2661.9624400222897, 888.6327459363253, 9529.624245767043, 1271.5196282078866, 124.08940050965379, 5844.220897623827, 5601.734672477888, 9999.820694867723, 2775.6106622043962, 5580.351691723824, 829.106075312106, 6548.440889375338, 8204.151593779507], "rain_sensor": [66.82611364086942, 37.97335098172471, 83.80905469240705, 15.394486080777469, 38.86313259587989, 64.26968711225182, 45.846970202972706, 21.737947585334272, 86.42249571639259, 59.62166786764713, 53.13748094045659, 80.46144534066107, 17.98334462384653, 95.38078806675215, 57.167924181053706, 33.92991956289164, 61.2694899388144, 55.76077805790932, 34.6665407312649, 25.79658897234991, 57.00433775088067, 24.750855294451448, 75.71554924866524, 29.34875777775491, 6.187234270030439, 9.038293779181771, 61.47072627449649, 20.308587074856344, 28.3301864912436, 40.98007456690298, 12.935631543883675], "weekday": [4, 2, 1, 6, 4, 5, 4, 2, 5, 1, 5, 4, 5, 4, 0, 4, 5, 1, 0, 3, 4, 3, 6, 5, 3, 6, 5, 5, 2, 3, 3], "hour": [0, 2, 0, 15, 18, 4, 17, 11, 9, 10, 21, 6, 22, 11, 0, 8, 13, 3, 7, 12, 5, 23, 14, 20, 23, 6, 4, 2, 8, 7, 13], "month": [5, 12, 7, 3, 2, 1, 12, 10, 6, 2, 8, 6, 7, 11, 7, 2, 1, 6, 3, 10, 7, 8, 12, 6, 6, 1, 12, 6, 10, 5, 8], "seatbelt_codriver": [0, 1, 1, 0, 0, 0, 1, 1, 1, 1, 0, 1, 1, 1, 0, 1, 0, 0, 0, 1, 1, 1, 0, 1, 1, 0, 1, 1, 1, 0, 1],
    "time_second": [
        0.0651430967606667,
        0.0651640633190061,
        0.0651850298773456,
        0.065205996435685,
        0.0652269629940245,
        0.0652479295523639,
        0.0652688961107034,
        0.0652898626690428,
        0.0653108292273823,
        0.0653317957857217,
        0.0653527623440612,
        0.0653737289024006,
        0.0653946954607401,
        0.0654156620190795,
        0.065436628577419,
        0.0654575951357584,
        0.0654785616940979,
        0.0654995282524373,
        0.0655204948107768,
        0.0655414613691162,
        0.0655624279274557,
        0.0655833944857951,
        0.0656043610441346,
        0.065625327602474,
        0.0656462941608135,
        0.0656672607191529,
        0.0656882272774924,
        0.0657091938358318,
        0.0657301603941713,
        0.0657511269525107,
        0.0657720935108502
    ],
    "kickdown": [
        42,
        42,
        42,
        42,
        42,
        42,
        42,
        42,
        42,
        42,
        42,
        42,
        42,
        42,
        42,
        42,
        42,
        42,
        42,
        42,
        42,
        42,
        42,
        42,
        42,
        42,
        42,
        42,
        42,
        42,
        42
    ],
    "seatbelt_rear_l": [
        48,
        48,
        48,
        48,
        48,
        48,
        48,
        48,
        48,
        48,
        48,
        48,
        48,
        48,
        48,
        48,
        48,
        48,
        48,
        48,
        48,
        48,
        48,
        48,
        48,
        48,
        48,
        48,
        48,
        48,
        48
    ],
    "seatbelt_rear_m": [
        50,
        50,
        50,
        50,
        50,
        50,
        50,
        50,
        50,
        50,
        50,
        50,
        50,
        50,
        50,
        50,
        50,
        50,
        50,
        50,
        50,
        50,
        50,
        50,
        50,
        50,
        50,
        50,
        50,
        50,
        50
    ],